MIBiG_data\BGC0000034,NRPS+PKS,candicidin,1108.5719138480003,1,0,0
MIBiG_data\BGC0000064,NRPS+PKS,fusarin,387.20457302799997,1,1,1
MIBiG_data\BGC0000081,NRPS+PKS,kedarcidin,1029.3662105200003,5,2,6
MIBiG_data\BGC0000145,NRPS+PKS,salinosporamide A,313.10808579999997,1,1,2
MIBiG_data\BGC0000150,NRPS+PKS,sporolide A,538.0878038559998,1,1,1
MIBiG_data\BGC0000153,NRPS+PKS,stigmatellin,514.2930536839999,0,0,0
MIBiG_data\BGC0000186,NRPS+PKS,thailandamide,717.424067848,1,1,6
MIBiG_data\BGC0000287,NRPS,L-2-amino-4-methoxy-trans-3-butenoic acid,131.058243148,2,2,3
MIBiG_data\BGC0000288,NRPS,A-503083 A,626.2183851480002,1,2,1
MIBiG_data\BGC0000289,NRPS,A40926,,7,6,7
MIBiG_data\BGC0000290,NRPS,A-47934,1311.1376554679998,7,6,7
MIBiG_data\BGC0000291,NRPS,A54145,,13,13,14
MIBiG_data\BGC0000292,NRPS,acetylaranotin,504.0661076,1,2,1
MIBiG_data\BGC0000293,NRPS,acetylaszonalenin,415.18959166,2,1,2
MIBiG_data\BGC0000294,NRPS,acinetobactin,346.1277196759999,2,3,2
MIBiG_data\BGC0000295,NRPS,acinetoferrin,584.342129116,0,0,0
MIBiG_data\BGC0000296,NRPS,actinomycin D,1254.6284746719998,6,5,5
MIBiG_data\BGC0000297,NRPS+PKS,aeruginoside 126B,690.3952273080002,2,3,4
MIBiG_data\BGC0000298,NRPS,aeruginosin 98-A,688.2657256999997,2,4,4
MIBiG_data\BGC0000300,NRPS,amychelin,738.2820480240001,7,6,7
MIBiG_data\BGC0000301,NRPS,anabaenopeptin 908,908.5119883760002,6,5,6
MIBiG_data\BGC0000302,NRPS,anabaenopeptin,850.470123564,8,6,8
MIBiG_data\BGC0000303,NRPS,anthramycin,315.12190602400005,2,1,2
MIBiG_data\BGC0000304,NRPS,apicidin,623.368284288,4,4,4
MIBiG_data\BGC0000305,NRPS,arthrofactin A,1353.8006849519995,11,11,11
MIBiG_data\BGC0000306,NRPS,arylomycin,880.494606996,6,5,6
MIBiG_data\BGC0000307,NRPS,AbT1,1100.688555764,9,9,9
MIBiG_data\BGC0000308,NRPS,aureusimine A,244.121177757,2,1,2
MIBiG_data\BGC0000309,NRPS,bacillibactin,882.2555585040002,3,2,3
MIBiG_data\BGC0000310,NRPS,bacitracin,1421.7489412159996,12,11,12
MIBiG_data\BGC0000311,NRPS,balhimycin,1445.4145495759997,8,6,8
MIBiG_data\BGC0000312,NRPS,bassianolide,908.6085741279999,2,3,3
MIBiG_data\BGC0000313,NRPS,beauvericin,783.409480404,2,3,3
MIBiG_data\BGC0000314,NRPS+PKS,bromoalterochromide A,843.2802529000002,6,5,6
MIBiG_data\BGC0000315,NRPS,CDA1b,1562.487499137999,11,11,12
MIBiG_data\BGC0000316,NRPS,capreomycin IA,668.3466543680001,5,6,6
MIBiG_data\BGC0000319,NRPS,cephamycin C,446.1107492839999,3,2,3
MIBiG_data\BGC0000320,NRPS,cereulide,1152.678110232,3,3,4
MIBiG_data\BGC0000321,NRPS,chaetocin,696.0953166160001,1,2,2
MIBiG_data\BGC0000322,NRPS,chloroeremomycin,1590.524828295999,7,6,7
MIBiG_data\BGC0000323,NRPS,cichofactin A,1245.806045104,8,8,8
MIBiG_data\BGC0000324,NRPS,coelibactin,,4,3,4
MIBiG_data\BGC0000325,NRPS,coelichelin,565.270755068,3,2,3
MIBiG_data\BGC0000326,NRPS,isocomplestatin,1325.1104798199995,8,6,7
MIBiG_data\BGC0000327,NRPS,netropsin,430.21893469200006,2,3,2
MIBiG_data\BGC0000328,NRPS,coronatine,319.17835828,1,0,2
MIBiG_data\BGC0000329,NRPS,corpeptin A,2094.2088769559978,2,1,2
MIBiG_data\BGC0000330,NRPS,cupriachelin,807.3861787440001,5,7,6
MIBiG_data\BGC0000331,NRPS,cyanopeptolin,,7,7,8
MIBiG_data\BGC0000332,NRPS,cyanopeptolin,925.421518696,7,7,7
MIBiG_data\BGC0000333,NRPS,cyclomarin D,1012.59974076,7,6,7
MIBiG_data\BGC0000334,NRPS,cyclosporin,1201.841367992,11,12,11
MIBiG_data\BGC0000335,NRPS+PKS,cystomanamide A,608.316976988,4,6,6
MIBiG_data\BGC0000336,NRPS,daptomycin,1619.7103663519993,13,13,14
MIBiG_data\BGC0000337,NRPS,destruxin A,577.3475488439999,8,8,8
MIBiG_data\BGC0000339,NRPS,echinomycin,1100.420807488,6,4,5
MIBiG_data\BGC0000340,NRPS,echoside A,468.14203234799993,1,0,1
MIBiG_data\BGC0000341,NRPS,enduracidin,1100.5039534400003,17,17,18
MIBiG_data\BGC0000342,NRPS,enniatin,667.440780532,2,3,3
MIBiG_data\BGC0000343,NRPS,enterobactin,669.144217164,2,1,1
MIBiG_data\BGC0000344,NRPS,entolysin,,12,12,12
MIBiG_data\BGC0000345,NRPS+PKS,eponemycin,398.24168680799994,3,2,5
MIBiG_data\BGC0000346,NRPS+PKS,epoxomicin,554.36794994,4,4,5
MIBiG_data\BGC0000347,NRPS,equibactin,,2,3,4
MIBiG_data\BGC0000348,NRPS,ergovaline,533.26381922,1,1,1
MIBiG_data\BGC0000349,NRPS,erythrochelin,603.286405132,4,5,4
MIBiG_data\BGC0000350,NRPS,ET-743,761.261830196,3,3,3
MIBiG_data\BGC0000351,NRPS,exochelin,,6,5,6
MIBiG_data\BGC0000352,NRPS,fimsbactin A,574.1911077799999,2,4,3
MIBiG_data\BGC0000353,NRPS,tacrolimus,803.481976648,1,2,1
MIBiG_data\BGC0000354,NRPS,friulimicin A,1288.6663167240001,11,11,12
MIBiG_data\BGC0000355,NRPS,fumiquinazoline A,445.17500421600005,4,4,4
MIBiG_data\BGC0000356,NRPS,verruculogen,511.23185039599986,2,2,2
MIBiG_data\BGC0000357,NRPS,cyclo-(D-Phe-L-Phe-D-Val-L-Val),493.2806,4,4,5
MIBiG_data\BGC0000359,NRPS,fuscachelin A,1029.426420808,6,5,6
MIBiG_data\BGC0000360,NRPS,GE81112,658.222615,6,4,6
MIBiG_data\BGC0000362,NRPS,glycopeptidolipid,1602.9861452839991,5,6,5
MIBiG_data\BGC0000363,NRPS,glycopeptidolipid,,4,4,4
MIBiG_data\BGC0000364,NRPS,glycopeptidolipid,,4,4,4
MIBiG_data\BGC0000365,NRPS,glycopeptidolipid,,4,5,4
MIBiG_data\BGC0000366,NRPS,gobichelin A,671.3027238920001,6,5,6
MIBiG_data\BGC0000367,NRPS,gramicidin,1881.070533019999,13,13,13
MIBiG_data\BGC0000368,NRPS,griseobactin,,3,2,3
MIBiG_data\BGC0000369,NRPS,hassallidin C,,10,9,9
MIBiG_data\BGC0000371,NRPS,heterobactin A,615.2288902560001,4,3,4
MIBiG_data\BGC0000372,NRPS,hexadehydroastechrome,1106.3863370000001,2,2,3
MIBiG_data\BGC0000373,NRPS,holomycin,213.987069432,1,2,1
MIBiG_data\BGC0000374,NRPS,hormaomycin,1128.4683245679998,8,7,8
MIBiG_data\BGC0000375,NRPS,indigoidine,248.054554736,1,0,1
MIBiG_data\BGC0000376,NRPS,JBIR-34,480.14117681999994,5,4,6
MIBiG_data\BGC0000377,NRPS,koranimine,803.49454742,5,6,8
MIBiG_data\BGC0000378,NRPS,kutzneride 2,887.2426530160002,8,5,9
MIBiG_data\BGC0000379,NRPS,glycinocin A,1246.64451866,11,11,12
MIBiG_data\BGC0000380,NRPS+PKS,leupyrrin,707.3907563399998,4,3,2
MIBiG_data\BGC0000381,NRPS,lichenysin,,7,7,7
MIBiG_data\BGC0000382,NRPS,lipstatin,491.3610736679999,2,0,1
MIBiG_data\BGC0000383,NRPS+PKS,luminmycin A,504.331170508,3,3,4
MIBiG_data\BGC0000384,NRPS,lyngbyatoxin,437.304227488,2,1,2
MIBiG_data\BGC0000385,NRPS,lysobactin,1275.718686644,11,11,11
MIBiG_data\BGC0000386,NRPS,malleobactin A,636.27148334,4,4,5
MIBiG_data\BGC0000387,NRPS,mangotoxin,,0,0,0
MIBiG_data\BGC0000388,NRPS,mannopeptimycin,1366.5765237121796,5,5,6
MIBiG_data\BGC0000391,NRPS,methylpendolmycin,383.257277296,2,2,2
MIBiG_data\BGC0000392,NRPS,mirubactin,,3,3,2
MIBiG_data\BGC0000393,NRPS+PKS,myxoprincomide-c506,1010.5284262880001,11,11,11
MIBiG_data\BGC0000394,NRPS,naphthyridinomycin,417.18998558400006,5,5,7
MIBiG_data\BGC0000395,NRPS,nocardicin A,500.15432834799986,5,4,5
MIBiG_data\BGC0000396,NRPS,nodularin,824.4432401200002,3,2,3
MIBiG_data\BGC0000397,NRPS,nostocyclopeptide A2,790.4013753080001,7,7,7
MIBiG_data\BGC0000398,NRPS,orfamide B,1280.8206921239996,10,10,10
MIBiG_data\BGC0000399,NRPS,orfamide A,1294.8363421879997,10,10,10
MIBiG_data\BGC0000400,NRPS,paenibacterin,1604.1004361799996,13,13,13
MIBiG_data\BGC0000401,NRPS,paenibactin,,3,2,3
MIBiG_data\BGC0000402,NRPS,paenilarvin A,1111.60259431,7,8,10
MIBiG_data\BGC0000403,NRPS,pelgipeptin,,9,9,9
MIBiG_data\BGC0000404,NRPS,penicillin,356.080672304,3,2,3
MIBiG_data\BGC0000405,NRPS,δ-(L-α-aminoadipyl)-L-cysteine-D-valine,362.1391300679099,3,2,3
MIBiG_data\BGC0000406,NRPS,phosphinothricintripeptide,180.04311804191,3,2,4
MIBiG_data\BGC0000407,NRPS,plipastatin,1462.7959339199995,11,10,10
MIBiG_data\BGC0000408,NRPS,polymyxin,1300.7173067399995,10,10,10
MIBiG_data\BGC0000409,NRPS,porothramycin A,343.15320615200005,2,1,2
MIBiG_data\BGC0000410,NRPS,pseudomonine,330.13280505599994,1,4,1
MIBiG_data\BGC0000411,NRPS,putisolvin,,12,12,12
MIBiG_data\BGC0000412,NRPS,pyochelin,324.06023437199997,2,2,3
MIBiG_data\BGC0000413,NRPS,Pf-5 pyoverdine,1174.47595599609,11,11,12
MIBiG_data\BGC0000414,NRPS,quinocarcin,330.15795718399994,4,3,4
MIBiG_data\BGC0000415,NRPS,quinomycin,1100.420807488,6,4,5
MIBiG_data\BGC0000416,NRPS,rhabdopeptide 1,573.4254052399999,3,4,3
MIBiG_data\BGC0000417,NRPS,rhodochelin,571.212571496,2,2,3
MIBiG_data\BGC0000418,NRPS,ristocetin,2066.6615887999983,8,6,8
MIBiG_data\BGC0000419,NRPS,ristomycin A,2066.6615887999983,8,6,8
MIBiG_data\BGC0000420,NRPS,histidyltryptophanyldiketopiperazine,,2,2,2
MIBiG_data\BGC0000421,NRPS,safracin A,524.2634848719999,3,3,3
MIBiG_data\BGC0000422,NRPS,saframycin A,562.20636392,3,2,3
MIBiG_data\BGC0000423,NRPS,scabichelin,647.360238768,5,4,5
MIBiG_data\BGC0000424,NRPS,serobactin C,877.4280435560001,6,7,7
MIBiG_data\BGC0000425,NRPS,sessilin A,2045.250013495998,18,18,18
MIBiG_data\BGC0000426,NRPS,sevadicin,422.195405312,3,2,3
MIBiG_data\BGC0000427,NRPS,shinorine,332.12196559999995,1,0,1
MIBiG_data\BGC0000428,NRPS,sibiromycin,475.23185039599997,2,1,2
MIBiG_data\BGC0000429,NRPS+PKS,skyllamycin A,1482.6707335218,12,11,13
MIBiG_data\BGC0000430,NRPS+PKS,spumigin E,610.311497684,3,3,4
MIBiG_data\BGC0000431,NRPS,stenothricin,,9,9,10
MIBiG_data\BGC0000432,NRPS,streptothricin,1142.7247750679996,3,0,2
MIBiG_data\BGC0000433,NRPS,surfactin,1021.6674859720001,7,7,7
MIBiG_data\BGC0000434,NRPS,SW-163C,1112.3731886,6,4,5
MIBiG_data\BGC0000435,NRPS,syringafactin,,8,8,8
MIBiG_data\BGC0000436,NRPS,syringolin A,493.29003396799993,3,3,5
MIBiG_data\BGC0000437,NRPS,syringomycin,1224.59056494,31,31,32
MIBiG_data\BGC0000438,NRPS,syringopeptin 25A,2398.362417455999,22,22,22
MIBiG_data\BGC0000439,NRPS,taromycin A,1639.5749067719994,13,13,14
MIBiG_data\BGC0000440,NRPS,teicoplanin,1197.21981296,7,6,7
MIBiG_data\BGC0000441,NRPS,teicoplanin,1197.21981296,7,6,7
MIBiG_data\BGC0000442,NRPS,terrequinone A,490.22564282,1,0,1
MIBiG_data\BGC0000443,NRPS,thanamycin,1338.5997922319996,9,10,10
MIBiG_data\BGC0000444,NRPS,thaxtomin A,438.15393442399994,2,2,2
MIBiG_data\BGC0000445,NRPS,thiocoraline,1156.240343232,10,6,8
MIBiG_data\BGC0000446,NRPS,tilivalline,333.147726848,2,1,2
MIBiG_data\BGC0000447,NRPS,tolaasin I,1986.212899715999,18,18,19
MIBiG_data\BGC0000448,NRPS,tomaymycin,304.14230712,2,1,1
MIBiG_data\BGC0000449,NRPS,tridecaptin,,13,13,13
MIBiG_data\BGC0000450,NRPS,triostin A,1086.405157424,6,4,5
MIBiG_data\BGC0000451,NRPS,turnerbactin,,1,0,1
MIBiG_data\BGC0000452,NRPS,tyrocidine,1269.6546298439998,10,9,10
MIBiG_data\BGC0000453,NRPS,valinomycin,1110.63116004,3,3,4
MIBiG_data\BGC0000454,NRPS,vanchrobactin,397.1597480759999,3,2,3
MIBiG_data\BGC0000455,NRPS,vancomycin,1447.4301996399995,8,6,8
MIBiG_data\BGC0000457,NRPS,vicibactin,774.3647150280001,1,1,1
MIBiG_data\BGC0000458,NRPS,viomycin,783.2929641200001,5,5,5
MIBiG_data\BGC0000459,NRPS+PKS,griseoviridin,477.15697120399994,11,12,14
MIBiG_data\BGC0000460,NRPS,vulnibactin,673.274777828,3,5,3
MIBiG_data\BGC0000461,NRPS,WAP-8294A2,1561.8140435719995,12,12,12
MIBiG_data\BGC0000464,NRPS,xenoamicin A,1299.8166097879994,26,26,26
MIBiG_data\BGC0000465,NRPS,xenortide A,409.27292736000004,2,2,2
MIBiG_data\BGC0000466,NRPS,yatakemycin,679.173683888,2,0,0
MIBiG_data\BGC0000467,NRPS,yersiniabactin,481.116369344,1,1,1
MIBiG_data\BGC0000816,NRPS,malbrancheamide A,369.160790068,2,1,2
MIBiG_data\BGC0000818,NRPS,notoamide A,463.210721028,2,2,2
MIBiG_data\BGC0000819,NRPS,paraherquamide,493.25767121999996,2,1,0
MIBiG_data\BGC0000893,NRPS,chloramphenicol,322.012326844,2,0,1
MIBiG_data\BGC0000921,NRPS+PKS,promysalin,474.27298693599994,2,0,3
MIBiG_data\BGC0000949,NRPS,A-500359 A,583.212571496,1,2,1
MIBiG_data\BGC0000950,NRPS,napsamycin A,852.311239976,4,3,3
MIBiG_data\BGC0000951,NRPS,pacidamycin 1,874.3609670400001,4,2,3
MIBiG_data\BGC0000954,NRPS+PKS,ajudazol A,590.2992016840001,2,2,2
MIBiG_data\BGC0000955,NRPS+PKS,althiomycin,439.06202526400006,5,4,6
MIBiG_data\BGC0000956,NRPS+PKS,andrimid,479.24202115599996,3,1,4
MIBiG_data\BGC0000957,NRPS+PKS,mycotrienin I,636.3410664959999,2,0,1
MIBiG_data\BGC0000958,NRPS+PKS,antimycin,548.2733808599999,2,3,4
MIBiG_data\BGC0000959,NRPS+PKS,aspyridone A,329.162708216,1,1,1
MIBiG_data\BGC0000960,NRPS+PKS,azinomycin B,623.211508876,3,4,6
MIBiG_data\BGC0000961,NRPS+PKS,bactobolin,382.06984172,3,3,8
MIBiG_data\BGC0000962,NRPS+PKS,barbamide,460.054582016,3,2,4
MIBiG_data\BGC0000963,NRPS+PKS,bleomycin,1414.51843212809,12,14,16
MIBiG_data\BGC0000964,NRPS+PKS,burkholdac A,533.16879884,4,5,7
MIBiG_data\BGC0000966,NRPS+PKS,caerulomycin A,229.085126592,5,2,3
MIBiG_data\BGC0000967,NRPS+PKS,calyculin A,1008.543604522,5,5,19
MIBiG_data\BGC0000968,NRPS+PKS,chaetoglobosin A,556.29372238,1,1,1
MIBiG_data\BGC0000969,NRPS+PKS,chondramide A,646.3366498119999,3,3,3
MIBiG_data\BGC0000970,NRPS+PKS,chondrochloren A,525.2493303,1,1,3
MIBiG_data\BGC0000971,NRPS+PKS,cinnabaramide A,335.209658408,2,1,1
MIBiG_data\BGC0000972,NRPS+PKS,N-myristoyl-D-asparagine,342.251857568,7,6,11
MIBiG_data\BGC0000973,NRPS+PKS,collismycin A,275.072847656,5,3,4
MIBiG_data\BGC0000974,NRPS+PKS,crocacin,538.3042870639999,2,3,2
MIBiG_data\BGC0000975,NRPS+PKS,cryptophycin-327,654.2707940159999,2,3,4
MIBiG_data\BGC0000976,NRPS+PKS,curacin A,373.24393574000004,1,1,2
MIBiG_data\BGC0000977,NRPS+PKS,cyclopiazonic acid,336.1473924999999,1,1,2
MIBiG_data\BGC0000978,NRPS+PKS,cylindrospermopsin,415.11616901199994,1,0,1
MIBiG_data\BGC0000979,NRPS+PKS,cylindrospermopsin,415.11616901199994,1,0,1
MIBiG_data\BGC0000980,NRPS+PKS,cylindrospermopsin,415.11616901199994,1,0,1
MIBiG_data\BGC0000981,NRPS+PKS,cylindrospermopsin,415.11616901199994,1,0,1
MIBiG_data\BGC0000982,NRPS+PKS,cystothiazole A,422.13339931199994,3,3,3
MIBiG_data\BGC0000983,NRPS+PKS,cytochalasin E,495.2257023959999,1,1,1
MIBiG_data\BGC0000984,NRPS+PKS,delftibactin A,1032.4836013360002,9,9,11
MIBiG_data\BGC0000985,NRPS+PKS,didemnin B,1111.6416651480001,9,10,13
MIBiG_data\BGC0000986,NRPS+PKS,dkxanthene 530,530.252920188,3,2,2
MIBiG_data\BGC0000988,NRPS+PKS,epothilone B,507.265459032,1,1,1
MIBiG_data\BGC0000989,NRPS+PKS,epothilone,507.265459032,1,1,1
MIBiG_data\BGC0000990,NRPS+PKS,epothilone,507.265459032,1,1,1
MIBiG_data\BGC0000991,NRPS+PKS,epothilone,507.265459032,1,1,1
MIBiG_data\BGC0000992,NRPS+PKS,fusaridione A,433.225308472,1,1,1
MIBiG_data\BGC0000993,NRPS+PKS,FR901228,540.207626872,4,5,6
MIBiG_data\BGC0000994,NRPS+PKS,FR-900520,791.481976648,1,2,2
MIBiG_data\BGC0000995,NRPS+PKS,FR901464,507.2832172719999,1,2,7
MIBiG_data\BGC0000996,NRPS+PKS,frontalamide B,508.2573368719999,1,1,0
MIBiG_data\BGC0000997,NRPS+PKS,glidobactin,520.326085128,3,3,4
MIBiG_data\BGC0000998,NRPS+PKS,guadinomine,,1,1,2
MIBiG_data\BGC0000999,NRPS+PKS,heat-stable antifungal factor,512.288637,1,1,2
MIBiG_data\BGC0001000,NRPS+PKS,hectochlorin,664.108278028,3,4,4
MIBiG_data\BGC0001001,NRPS+PKS,jamaicamide A,566.1546974120001,2,3,5
MIBiG_data\BGC0001002,NRPS+PKS,jawsamycin,565.3151860959999,0,0,0
MIBiG_data\BGC0001003,NRPS+PKS,α-lipomycin,587.30943202,0,1,1
MIBiG_data\BGC0001005,NRPS+PKS,locillomycin,1145.5604546880002,6,7,9
MIBiG_data\BGC0001006,NRPS+PKS,lymphostin,310.10659030799997,0,0,0
MIBiG_data\BGC0001007,NRPS+PKS,lymphostin,310.10659030799997,0,0,0
MIBiG_data\BGC0001010,NRPS+PKS,melithiazol A,422.13339931199994,3,3,3
MIBiG_data\BGC0001011,NRPS+PKS,meridamycin,821.5289268399999,1,2,1
MIBiG_data\BGC0001012,NRPS+PKS,meridamycin,821.5289268399999,1,2,1
MIBiG_data\BGC0001013,NRPS+PKS,meridamycin,821.5289268399999,1,2,1
MIBiG_data\BGC0001014,NRPS+PKS,micacocidin,565.210269728,2,4,2
MIBiG_data\BGC0001015,NRPS+PKS,microcystin,994.548767808,7,6,8
MIBiG_data\BGC0001016,NRPS+PKS,microcystin,994.548767808,6,6,8
MIBiG_data\BGC0001017,NRPS+PKS,microcystin LR,994.548767808,7,6,8
MIBiG_data\BGC0001018,NRPS,micropeptin K139,986.543682428,7,7,7
MIBiG_data\BGC0001019,NRPS+PKS,microsclerodermin M,886.386119168,5,5,9
MIBiG_data\BGC0001020,NRPS+PKS,muraymycin C1,945.440339556,4,4,4
MIBiG_data\BGC0001021,NRPS+PKS,mycobactin,914.4936075520901,4,4,5
MIBiG_data\BGC0001022,NRPS+PKS,myxalamid,401.292994108,1,1,1
MIBiG_data\BGC0001023,NRPS+PKS,myxochromide S1,722.400312688,6,6,6
MIBiG_data\BGC0001024,NRPS+PKS,myxothiazol,487.196333916,3,3,3
MIBiG_data\BGC0001025,NRPS+PKS,myxovirescin A1,623.4397179119999,1,1,8
MIBiG_data\BGC0001026,NRPS+PKS,NG-391,417.178752204,1,1,1
MIBiG_data\BGC0001027,NRPS+PKS,nocobactin NA,715.3792428959999,3,4,5
MIBiG_data\BGC0001028,NRPS+PKS,nostopeptolide A2,1066.569897176,9,9,10
MIBiG_data\BGC0001029,NRPS+PKS,nostophycin,888.474540248,6,6,8
MIBiG_data\BGC0001030,NRPS+PKS,ochratoxin A,403.0822649759999,2,1,1
MIBiG_data\BGC0001031,NRPS+PKS,oocydin A,470.17074563199986,0,1,8
MIBiG_data\BGC0001032,NRPS+PKS,oocydin A,,0,1,9
MIBiG_data\BGC0001033,NRPS+PKS,paenilamicin,1008.6655288760004,9,8,13
MIBiG_data\BGC0001034,NRPS+PKS,pellasoren,431.30355879199993,1,1,2
MIBiG_data\BGC0001035,NRPS+PKS,pneumocandin B0,1064.5641431000001,7,7,7
MIBiG_data\BGC0001036,NRPS+PKS,polyoxypeptin,968.543013732,7,6,9
MIBiG_data\BGC0001037,NRPS+PKS,pseurotin,431.15801675999995,1,1,1
MIBiG_data\BGC0001038,NRPS+PKS,pyralomicin 1a,455.053857308,1,0,0
MIBiG_data\BGC0001039,NRPS+PKS,pyridomycin,540.222013984,4,3,5
MIBiG_data\BGC0001040,NRPS+PKS,rapamycin,913.555141588,1,2,1
MIBiG_data\BGC0001041,NRPS+PKS,salinosporamide A,313.10808579999997,2,1,2
MIBiG_data\BGC0001042,NRPS+PKS,sanglifehrin A,1089.6613379720002,3,4,5
MIBiG_data\BGC0001043,NRPS+PKS,SGR PTMs,510.2729869359998,1,1,1
MIBiG_data\BGC0001044,NRPS,sirodesmin PL,486.113058,2,2,2
MIBiG_data\BGC0001045,NRPS+PKS,spiruchostatin A,473.16542771199994,4,5,6
MIBiG_data\BGC0001046,NRPS+PKS,streptolydigin,600.3046809879999,1,1,1
MIBiG_data\BGC0001047,NRPS+PKS,syringolin A,493.290033968,3,3,4
MIBiG_data\BGC0001048,NRPS+PKS,tallysomycin A,1730.7352182599984,9,11,12
MIBiG_data\BGC0001049,NRPS+PKS,tenellin,369.157622836,1,1,1
MIBiG_data\BGC0001050,NRPS+PKS,thalassospiramide A,957.5422854600001,3,5,7
MIBiG_data\BGC0001051,NRPS+PKS,thuggacin A,631.3542740359999,1,1,0
MIBiG_data\BGC0001052,NRPS+PKS,tirandamycin,417.178752204,1,1,1
MIBiG_data\BGC0001053,NRPS+PKS,tubulysin A,843.4452142800001,4,6,7
MIBiG_data\BGC0001054,NRPS+PKS,xenocoumacin 1,465.25873384000005,3,3,8
MIBiG_data\BGC0001055,NRPS+PKS,yersiniabactin,481.11636934399996,2,3,4
MIBiG_data\BGC0001056,NRPS+PKS,zeamine,840.8119058080001,6,6,8
MIBiG_data\BGC0001057,NRPS+PKS,zearalenone,318.1467238039999,2,1,2
MIBiG_data\BGC0001058,NRPS+PKS,zorbamycin,1411.5608827399994,11,14,15
MIBiG_data\BGC0001059,NRPS+PKS,zwittermicin A,396.196861856,7,6,12
MIBiG_data\BGC0001063,NRPS+PKS,undecylprodigiosin,393.27801274,1,0,5
MIBiG_data\BGC0001069,NRPS+PKS,chivosazol,865.497626712,1,2,6
MIBiG_data\BGC0001070,NRPS+PKS,kirromycin,796.4146253600001,2,2,6
MIBiG_data\BGC0001071,NRPS+PKS,nosperin,541.2999299559999,2,2,7
MIBiG_data\BGC0001073,NRPS+PKS,kosinostatin,616.205695224,1,0,1
MIBiG_data\BGC0001084,NRPS,notoamide A,463.210721028,2,2,2
MIBiG_data\BGC0001085,NRPS,teleocidin B1,451.31987755200004,2,1,2
MIBiG_data\BGC0001088,NRPS+PKS,albicidin,842.2547706560003,7,5,9
MIBiG_data\BGC0001089,NRPS+PKS,bacillaene,582.36688732,2,2,11
MIBiG_data\BGC0001090,NRPS+PKS,bacillomycin D,1044.5491617320001,7,8,10
MIBiG_data\BGC0001091,NRPS+PKS,corallopyronin,527.2883026519999,1,0,6
MIBiG_data\BGC0001093,NRPS+PKS,disorazol A,758.377845928,1,2,6
MIBiG_data\BGC0001094,NRPS+PKS,enacyloxin IIa,701.2369666200001,0,1,1
MIBiG_data\BGC0001095,NRPS,fengycin,1462.795934,11,10,10
MIBiG_data\BGC0001098,NRPS+PKS,iturin,1042.544745048,7,8,10
MIBiG_data\BGC0001099,NRPS+PKS,kalimantacin A,548.3461518759999,1,1,7
MIBiG_data\BGC0001100,NRPS+PKS,lankacidin C,459.2257023959999,1,1,0
MIBiG_data\BGC0001101,NRPS+PKS,leinamycin,510.0952995519999,7,7,9
MIBiG_data\BGC0001102,NRPS+PKS,malleilactone,306.183109312,2,1,2
MIBiG_data\BGC0001103,NRPS+PKS,mycosubtilin,1198.6346226719998,8,8,10
MIBiG_data\BGC0001105,NRPS+PKS,onnamide A,793.4473224559999,1,1,3
MIBiG_data\BGC0001106,NRPS+PKS,oxalomycin B,655.346880148,3,3,5
MIBiG_data\BGC0001108,NRPS+PKS,pederin,503.30943201999986,2,2,8
MIBiG_data\BGC0001109,NRPS+PKS,pederin,503.30943201999986,2,2,8
MIBiG_data\BGC0001110,NRPS+PKS,psymberin,609.3149113239999,1,1,5
MIBiG_data\BGC0001111,NRPS+PKS,rhizopodin,1468.8707216079997,2,2,6
MIBiG_data\BGC0001112,NRPS+PKS,rhizoxin A,625.325082084,1,2,8
MIBiG_data\BGC0001113,NRPS+PKS,spliceostatin,1002.5711430640001,1,2,7
MIBiG_data\BGC0001114,NRPS+PKS,thailanstatin A,535.2781318919998,1,2,7
MIBiG_data\BGC0001115,NRPS+PKS,thiomarinol,640.248822988,3,1,8
MIBiG_data\BGC0001116,NRPS+PKS,virginiamycin S1,823.354090768,4,6,8
MIBiG_data\BGC0001117,NRPS,himastatin,1484.7551317279992,6,5,8
MIBiG_data\BGC0001122,NRPS+PKS,dihydroisoflavipucine,239.115758024,1,1,1
MIBiG_data\BGC0001123,NRPS,aspirochlorine,359.964141068,1,2,1
MIBiG_data\BGC0001125,NRPS+PKS,puwainaphycin A,1234.7172896759998,9,9,10
MIBiG_data\BGC0001127,NRPS,jagaricin,1180.612824608,8,10,9
MIBiG_data\BGC0001128,NRPS,gamexpeptide C,551.4046698,5,4,5
MIBiG_data\BGC0001130,NRPS+PKS,fabclavine Ia,1355.9519810599993,6,6,8
MIBiG_data\BGC0001131,NRPS,ambactin,750.406460688,6,6,6
MIBiG_data\BGC0001132,NRPS,xenotetrapeptide,410.289305696,4,3,4
MIBiG_data\BGC0001133,NRPS,taxlllaid A,807.5469769160001,7,7,7
MIBiG_data\BGC0001135,NRPS,bicornutin A1,825.5885563720003,5,5,5
MIBiG_data\BGC0001136,NRPS+PKS,desmethylbassianin,381.157622836,1,1,1
MIBiG_data\BGC0001142,NRPS,tryptoquialanine,518.1801491719999,4,4,4
MIBiG_data\BGC0001147,NRPS,disgocidine,,2,3,2
MIBiG_data\BGC0001148,NRPS,pheganomycin,610.3074749239998,1,1,1
MIBiG_data\BGC0001149,NRPS,brabantamide A,554.3203310519999,2,2,2
MIBiG_data\BGC0001152,NRPS+PKS,fusaricidin B,896.5695032520001,7,6,6
MIBiG_data\BGC0001153,NRPS,polymyxin B,1202.7499271959998,10,10,10
MIBiG_data\BGC0001159,NRPS+PKS,marinopyrrole A,507.955117584,1,0,2
MIBiG_data\BGC0001165,NRPS+PKS,curacin A,373.24393574,1,1,2
MIBiG_data\BGC0001166,NRPS,HC-toxin,436.23218474399994,4,4,4
MIBiG_data\BGC0001168,NRPS,livipeptin,347.16,1,0,1
MIBiG_data\BGC0001172,NRPS+PKS,chlorizidine A,441.9445529,1,0,1
MIBiG_data\BGC0001178,NRPS,"UK-68,597",1649.2145007159995,7,6,7
MIBiG_data\BGC0001182,NRPS+PKS,chaetoglobosins,556.29372238,1,1,1
MIBiG_data\BGC0001185,NRPS,bacillibactin,882.2555585040002,3,2,3
MIBiG_data\BGC0001187,NRPS+PKS,xenolozoyenone,305.162708216,1,1,1
MIBiG_data\BGC0001189,NRPS,taiwachelin,962.4808074000001,6,6,7
MIBiG_data\BGC0001192,NRPS,colistin A,1168.7655772599999,10,10,10
MIBiG_data\BGC0001193,NRPS,thiolutin,228.002719496,2,2,3
MIBiG_data\BGC0001195,NRPS+PKS,nocardiopsin A,573.3665529719999,1,2,1
MIBiG_data\BGC0001196,NRPS,desotamide,696.395896004,6,4,6
MIBiG_data\BGC0001202,NRPS+PKS,landepoxcin,,4,3,4
MIBiG_data\BGC0001203,NRPS+PKS,clarexpoxcin,,4,4,5
MIBiG_data\BGC0001207,NRPS,teixobactin,1241.7132073399998,11,11,11
MIBiG_data\BGC0001211,NRPS,albachelin,,6,6,6
MIBiG_data\BGC0001212,NRPS+PKS,nannocystin a,815.3315357,3,3,3
MIBiG_data\BGC0001214,NRPS,marformycin A,856.5058403759999,7,7,8
MIBiG_data\BGC0001215,NRPS,conglobatin,498.27298693599994,1,0,1
MIBiG_data\BGC0001216,NRPS+PKS,splenocin C,554.22643067,2,3,4
MIBiG_data\BGC0001218,NRPS+PKS,fumosorinone,477.25152321999997,1,1,1
MIBiG_data\BGC0001220,NRPS,aculeacin A,1035.5739795120003,7,7,7
MIBiG_data\BGC0001225,NRPS,celesticetin,528.2141517319999,2,0,1
MIBiG_data\BGC0001228,NRPS,retimycin A,1170.4150534120001,4,4,4
MIBiG_data\BGC0001230,NRPS+PKS,salinamide A,1019.4851645080001,7,7,9
MIBiG_data\BGC0001231,NRPS+PKS,microsclerodermin,868.3158466880002,5,5,9
MIBiG_data\BGC0001233,NRPS,feglymycin,1899.6464287039987,13,12,13
MIBiG_data\BGC0001235,NRPS+PKS,antalid,527.245392284,3,4,3
MIBiG_data\BGC0001240,NRPS,serinocyclin A,672.307868848,7,8,7
MIBiG_data\BGC0001249,NRPS,dimethylcoprogen,807.3227337,1,2,3
MIBiG_data\BGC0001250,NRPS,epichloenin A,1082.5244035280002,3,5,2
MIBiG_data\BGC0001251,NRPS,epichloenin A,,3,5,3
MIBiG_data\BGC0001255,NRPS+PKS,equisetin,373.225308472,1,1,1
MIBiG_data\BGC0001261,NRPS,AM-toxin,431.205635648,3,4,4
MIBiG_data\BGC0001268,NRPS+PKS,fusarin C,387.20457302799997,1,1,1
MIBiG_data\BGC0001290,NRPS,emericellamide A,609.4101490999999,6,6,6
MIBiG_data\BGC0001297,NRPS,WS9326,,7,6,11
MIBiG_data\BGC0001312,NRPS,viscosin,1125.68967796,7,7,7
MIBiG_data\BGC0001327,NRPS+PKS,rakicidin A,606.399250068,4,5,4
MIBiG_data\BGC0001328,NRPS+PKS,rakicidin A,606.399250068,4,5,3
MIBiG_data\BGC0001329,NRPS+PKS,rakicidin D,494.2740495559999,3,3,4
MIBiG_data\BGC0001330,NRPS+PKS,BE-43547A1,563.357050908,4,4,4
MIBiG_data\BGC0001331,NRPS+PKS,BE-43547A1,563.357050908,3,4,4
MIBiG_data\BGC0001332,NRPS+PKS,microtermolide A,451.26823590399994,3,4,4
MIBiG_data\BGC0001341,NRPS,valinomycin,1110.63116004,4,3,4
MIBiG_data\BGC0001342,NRPS+PKS,Cmc-thuggacin A,561.2760237159998,1,1,0
MIBiG_data\BGC0001344,NRPS+PKS,tubulysin A,843.4452142800001,4,6,7
MIBiG_data\BGC0001345,NRPS,myxochelin A,404.1583511079999,2,1,2
MIBiG_data\BGC0001346,NRPS,bananamide 1,1107.7154987840001,8,8,8
MIBiG_data\BGC0001349,NRPS+PKS,heronamide A,465.287908728,2,0,1
MIBiG_data\BGC0001351,NRPS,cahuitamycin A,635.255105004,6,5,6
MIBiG_data\BGC0001358,NRPS+PKS,leucinostatin A,1217.8362826119996,11,10,11
MIBiG_data\BGC0001363,NRPS+PKS,ralsolamycin,,9,9,10
MIBiG_data\BGC0001365,NRPS,clapurines,,2,2,2
MIBiG_data\BGC0001367,NRPS+PKS,haliamide,283.19361442,1,1,2
MIBiG_data\BGC0001368,NRPS,JBIR-126,535.1833759799999,5,5,5
MIBiG_data\BGC0001370,NRPS,lipopeptide 8D1-1,1502.5473833639996,11,11,12
MIBiG_data\BGC0001371,NRPS,echinocandin B,1059.5739795120003,7,7,7
MIBiG_data\BGC0001379,NRPS,BD-12,486.21865992,1,0,1
MIBiG_data\BGC0001389,NRPS,cichopeptin,,22,22,22
MIBiG_data\BGC0001390,NRPS+PKS,LL-Z1272beta,356.23514488399996,1,0,2
MIBiG_data\BGC0001393,NRPS,lugdunin,782.4513027040001,5,8,7
MIBiG_data\BGC0001394,NRPS+PKS,phenalamide A2,491.3399443,1,1,1
MIBiG_data\BGC0001397,NRPS+PKS,lidamycin,843.2406160840001,3,1,3
MIBiG_data\BGC0001399,NRPS,fellutamide B,555.363198908,4,3,3
MIBiG_data\BGC0001402,NRPS,cyclochlorotine,571.160053692,5,5,5
MIBiG_data\BGC0001406,NRPS,telomycin,1271.5458672439995,11,11,11
MIBiG_data\BGC0001413,NRPS,cystobactamid 919-1,919.30244913,8,5,7
MIBiG_data\BGC0001414,NRPS,griselimycin,1112.720918512,10,10,10
MIBiG_data\BGC0001415,NRPS+PKS,althiomycin,439.06202526400006,5,4,6
MIBiG_data\BGC0001416,NRPS,nunapeptin,,30,32,32
MIBiG_data\BGC0001417,NRPS+PKS,myxochromide D,736.4159627519999,5,6,5
MIBiG_data\BGC0001418,NRPS+PKS,myxochromide D,736.4159627519999,6,6,6
MIBiG_data\BGC0001419,NRPS+PKS,myxochromide D,736.4159627519999,6,6,6
MIBiG_data\BGC0001420,NRPS+PKS,myxochromide D,736.4159627519999,7,6,6
MIBiG_data\BGC0001421,NRPS+PKS,myxochromide B,932.537140504,7,7,7
MIBiG_data\BGC0001422,NRPS+PKS,myxochromide A,833.4687265959999,6,6,6
MIBiG_data\BGC0001423,NRPS+PKS,myxochromide C,774.431612816,5,5,5
MIBiG_data\BGC0001424,NRPS+PKS,myxochromide C,774.431612816,5,5,5
MIBiG_data\BGC0001425,NRPS+PKS,myxochromide A,845.4687265960001,6,6,6
MIBiG_data\BGC0001426,NRPS+PKS,myxochromide A,845.4687265960001,6,6,6
MIBiG_data\BGC0001427,NRPS+PKS,myxochromide A,845.4687265960001,6,6,6
MIBiG_data\BGC0001428,NRPS+PKS,myxochromide A,845.4687265960001,6,6,6
MIBiG_data\BGC0001429,NRPS+PKS,myxochromide S1,722.400312688,6,6,6
MIBiG_data\BGC0001430,NRPS+PKS,myxochromide S,722.4003126880001,6,6,6
MIBiG_data\BGC0001431,NRPS+PKS,myxochromide S,722.4003126880001,6,6,6
MIBiG_data\BGC0001432,NRPS+PKS,myxochromide D,722.400312688,6,6,6
MIBiG_data\BGC0001434,NRPS,nematophin,272.15247788,3,4,3
MIBiG_data\BGC0001435,NRPS+PKS,ikarugamycin,478.28315769599993,1,1,1
MIBiG_data\BGC0001437,NRPS,obafluorin,358.0801007879999,2,1,2
MIBiG_data\BGC0001442,NRPS,actinonin,385.25767122,2,2,2
MIBiG_data\BGC0001443,NRPS+PKS,matlystatin A,440.2998703799999,2,2,3
MIBiG_data\BGC0001445,NRPS+PKS,leporin B,351.18344366,1,1,1
MIBiG_data\BGC0001448,NRPS,malacidin A,1248.6237832160002,10,10,11
MIBiG_data\BGC0001449,NRPS+PKS,ucs1025a,359.1732728999999,1,1,1
MIBiG_data\BGC0001451,NRPS,FR900359,1001.5321147,8,8,8
MIBiG_data\BGC0001455,NRPS+PKS,antimycin,250.084123548,2,3,4
MIBiG_data\BGC0001457,NRPS,jomthonic acid A,387.20457302799997,1,1,2
MIBiG_data\BGC0001459,NRPS,decaplanin,1559.5270807919987,8,6,8
MIBiG_data\BGC0001460,NRPS,decaplanin,1559.5270807919987,8,6,8
MIBiG_data\BGC0001461,NRPS,nogabecin,,7,5,7
MIBiG_data\BGC0001462,NRPS,avoparcin,1745.558774843999,7,5,7
MIBiG_data\BGC0001467,NRPS+PKS,hapalosin,489.30903809599994,2,2,3
MIBiG_data\BGC0001469,NRPS,marthiapeptide A,665.137121852,6,6,6
MIBiG_data\BGC0001477,NRPS+PKS,lydicamycin,854.5404945680002,1,1,1
MIBiG_data\BGC0001479,NRPS,anabaenopeptin NZ857,857.4323410879999,6,5,6
MIBiG_data\BGC0001502,NRPS,amonabactin P 750,750.3224562920001,4,3,4
MIBiG_data\BGC0001509,NRPS,anikasin,,11,11,11
MIBiG_data\BGC0001515,NRPS,aspercryptins,,6,5,6
MIBiG_data\BGC0001516,NRPS,aspergillic acid,224.15247788,1,0,1
MIBiG_data\BGC0001517,NRPS,asperphenamate,506.22055744,2,1,2
MIBiG_data\BGC0001519,NRPS+PKS,aurantimycin A,856.4541987279998,7,6,10
MIBiG_data\BGC0001521,NRPS,auriculamide,341.13938592799997,0,0,0
MIBiG_data\BGC0001524,NRPS+PKS,barnesin A,,2,2,3
MIBiG_data\BGC0001532,NRPS,bogorol A,1583.0789724639994,14,13,14
MIBiG_data\BGC0001536,NRPS,brevicidine,,12,12,12
MIBiG_data\BGC0001544,NRPS+PKS,chlorflavonin,378.05063049999995,1,0,0
MIBiG_data\BGC0001545,NRPS,chrysogine,190.07422756,2,2,2
MIBiG_data\BGC0001553,NRPS+PKS,clifednamide A,492.26242225199996,1,1,1
MIBiG_data\BGC0001556,NRPS+PKS,combamide,,1,1,1
MIBiG_data\BGC0001560,NRPS+PKS,cryptomaldamide,399.2481691560001,3,3,4
MIBiG_data\BGC0001561,NRPS,curacomycin,789.394037432,2,1,1
MIBiG_data\BGC0001562,NRPS,curacomycin,789.394037432,3,3,3
MIBiG_data\BGC0001563,NRPS+PKS,curvupallide-B,279.11067264400003,1,1,1
MIBiG_data\BGC0001564,NRPS+PKS,cusperin,,3,3,6
MIBiG_data\BGC0001565,NRPS,cyclosporin C,1217.8362826119999,11,12,10
MIBiG_data\BGC0001567,NRPS,cysteoamide,,5,5,5
MIBiG_data\BGC0001569,NRPS,dechlorocuracomycin,755.433009784,6,5,6
MIBiG_data\BGC0001570,NRPS,deimino-antipain,,3,2,4
MIBiG_data\BGC0001574,NRPS,diisonitrile antibiotic SF2768,,2,1,3
MIBiG_data\BGC0001575,NRPS,dipeptide aldehydes,,3,2,3
MIBiG_data\BGC0001582,NRPS,ecumicin,1599.0051388279999,13,12,13
MIBiG_data\BGC0001593,NRPS,ficellomycin,312.19098862799996,1,1,1
MIBiG_data\BGC0001598,NRPS+PKS,foxicin A,,0,1,1
MIBiG_data\BGC0001599,NRPS,fragin,273.205241724,1,1,1
MIBiG_data\BGC0001608,NRPS,glidopeptin,,12,12,12
MIBiG_data\BGC0001609,NRPS,gliovirin,480.06610759999995,2,2,1
MIBiG_data\BGC0001611,NRPS+PKS,guangnanmycin,,2,2,4
MIBiG_data\BGC0001614,NRPS,hassallidin E,1409.7177431759994,9,9,9
MIBiG_data\BGC0001615,NRPS,hexose-palythine-serine,,1,1,1
MIBiG_data\BGC0001616,NRPS+PKS,himeic acid A,435.1893168879999,0,0,0
MIBiG_data\BGC0001620,NRPS+PKS,ilamycin B1,1011.57933969,7,6,7
MIBiG_data\BGC0001621,NRPS,imizoquin A,566.6,2,1,2
MIBiG_data\BGC0001623,NRPS+PKS,ishigamide,,6,6,7
MIBiG_data\BGC0001627,NRPS,isonitrile lipopeptides,,3,1,3
MIBiG_data\BGC0001628,NRPS,JBIR-78,825.3908702,7,7,7
MIBiG_data\BGC0001629,NRPS,jessenipeptin,,19,19,19
MIBiG_data\BGC0001630,NRPS+PKS,kasumigamide,786.3700751800002,5,5,6
MIBiG_data\BGC0001631,NRPS+PKS,kasumigamide,786.3700751800002,5,4,6
MIBiG_data\BGC0001635,NRPS+PKS,kistamicin A,1170.3162406120002,6,6,6
MIBiG_data\BGC0001636,NRPS,KK-1,,10,10,10
MIBiG_data\BGC0001637,NRPS,kleboxymycin,,2,1,2
MIBiG_data\BGC0001641,NRPS,kolossin,,15,14,15
MIBiG_data\BGC0001646,NRPS+PKS,lagriamide,,2,2,7
MIBiG_data\BGC0001650,NRPS,Le-pyrrolopyrazines,,6,4,6
MIBiG_data\BGC0001652,NRPS,limazepine C,272.116092372,2,1,2
MIBiG_data\BGC0001657,NRPS,lysocin,1616.8674761119996,12,12,12
MIBiG_data\BGC0001667,NRPS+PKS,microcystin-LR,994.548767808,6,6,8
MIBiG_data\BGC0001668,NRPS,microperfuranone,266.094294308,1,0,1
MIBiG_data\BGC0001671,NRPS,monobactam,435.051854504,2,2,2
MIBiG_data\BGC0001672,NRPS,monobactam,435.051854504,6,7,7
MIBiG_data\BGC0001679,NRPS,N-Acetyltryptophan,246.100442308,1,1,1
MIBiG_data\BGC0001686,NRPS,N-octanoyl-Met-Phe-H,,2,2,2
MIBiG_data\BGC0001692,NRPS,nematophin,272.15247788,4,5,4
MIBiG_data\BGC0001695,NRPS,neoantimycin,698.305074912,2,4,6
MIBiG_data\BGC0001699,NRPS,nidulanin A,,4,4,5
MIBiG_data\BGC0001702,NRPS+PKS,nocamycin,503.215531636,1,1,1
MIBiG_data\BGC0001705,NRPS+PKS,nodularin,824.4432401199999,4,4,6
MIBiG_data\BGC0001711,NRPS+PKS,occidiofungin A,1198.5506182759998,6,7,8
MIBiG_data\BGC0001715,NRPS,octapeptin C4,,8,8,8
MIBiG_data\BGC0001716,NRPS,odilorhabdin NOSO-95A,1295.78983499,9,10,10
MIBiG_data\BGC0001717,NRPS,okaramine B,566.2529201880001,1,2,2
MIBiG_data\BGC0001718,NRPS,okaramine D,582.2478348080001,1,2,2
MIBiG_data\BGC0001721,NRPS,ornibactin,,4,4,5
MIBiG_data\BGC0001724,NRPS+PKS,oxaleimide C,,1,1,1
MIBiG_data\BGC0001726,NRPS+PKS,pactamides,,1,1,1
MIBiG_data\BGC0001728,NRPS+PKS,paenilipoheptin,,7,9,11
MIBiG_data\BGC0001736,NRPS,pepteridine A,,0,1,1
MIBiG_data\BGC0001737,NRPS+PKS,phenalamide,491.33994429999996,1,1,1
MIBiG_data\BGC0001738,NRPS+PKS,phomasetin,413.2566086,1,1,1
MIBiG_data\BGC0001740,NRPS+PKS,phthoxazolin,290.16304256399997,6,4,6
MIBiG_data\BGC0001741,NRPS+PKS,phyllostictine A,325.188922964,1,1,1
MIBiG_data\BGC0001748,NRPS+PKS,pseudospumigin A,,3,3,4
MIBiG_data\BGC0001750,NRPS+PKS,pyrronazol B,348.087684704,2,1,2
MIBiG_data\BGC0001751,NRPS+PKS,pyxipyrrolone A,481.28282334799997,1,1,5
MIBiG_data\BGC0001752,NRPS,qinichelins,,6,6,7
MIBiG_data\BGC0001758,NRPS,rhizomide A,,7,7,7
MIBiG_data\BGC0001760,NRPS,rimosamide,,4,3,5
MIBiG_data\BGC0001763,NRPS+PKS,rufomycin,1011.579339664,7,6,7
MIBiG_data\BGC0001764,NRPS,s56-p1,,4,2,4
MIBiG_data\BGC0001767,NRPS,salinichelins,,4,5,4
MIBiG_data\BGC0001768,NRPS,sansalvamide,586.3730353200001,5,5,5
MIBiG_data\BGC0001771,NRPS,scleric acid,,1,1,2
MIBiG_data\BGC0001780,NRPS,siphonazole,463.17433552,4,5,12
MIBiG_data\BGC0001790,NRPS,sulfazecin,396.09509921999995,3,2,3
MIBiG_data\BGC0001791,NRPS,sunshinamide,,3,3,3
MIBiG_data\BGC0001792,NRPS,surugamide A,911.6208105520001,18,16,18
MIBiG_data\BGC0001793,NRPS+PKS,swainsonine,173.10519334,1,0,1
MIBiG_data\BGC0001794,NRPS+PKS,swainsonine,173.10519334,1,0,1
MIBiG_data\BGC0001796,NRPS,tauramamide,863.49052466,5,5,5
MIBiG_data\BGC0001800,NRPS+PKS,theonellamide,1762.599808627999,6,10,9
MIBiG_data\BGC0001801,NRPS,thiazostatin,,4,2,3
MIBiG_data\BGC0001806,NRPS,tolaasin A,1958.145214079999,18,18,18
MIBiG_data\BGC0001807,NRPS+PKS,totopotensamide A,1145.5510511480002,6,7,8
MIBiG_data\BGC0001813,NRPS,tyrobetaine,,4,3,6
MIBiG_data\BGC0001814,NRPS,ulleungmycin,,6,5,6
MIBiG_data\BGC0001816,NRPS+PKS,valactamide A,506.408358208,6,6,6
MIBiG_data\BGC0001818,NRPS,vazabitide A,271.153206152,2,1,3
MIBiG_data\BGC0001820,NRPS,verticillin,680.1004019960001,2,1,2
MIBiG_data\BGC0001822,NRPS,vioprolide A,862.425876,8,9,9
MIBiG_data\BGC0001823,NRPS+PKS,weishanmycin,,2,1,1
MIBiG_data\BGC0001824,NRPS,xefoampeptides A-G,,3,3,3
MIBiG_data\BGC0001825,NRPS,xenematide,662.2852829360002,4,4,4
MIBiG_data\BGC0001826,NRPS,xeneprotides A-C,,2,3,3
MIBiG_data\BGC0001829,NRPS+PKS,"α,β-epoxyketone",,3,2,5
MIBiG_data\BGC0001833,NRPS,icosalide A,712.462244248,4,5,4
MIBiG_data\BGC0001834,NRPS,argyrin,,8,7,8
MIBiG_data\BGC0001838,NRPS,WLIP,,7,7,7
MIBiG_data\BGC0001840,NRPS+PKS,detoxin S1,,3,2,4
MIBiG_data\BGC0001841,NRPS+PKS,detoxin P1,,3,2,4
MIBiG_data\BGC0001842,NRPS,gacamide A,1393.8432184599992,11,11,11
MIBiG_data\BGC0001843,NRPS,tridecaptin M,,13,13,13
MIBiG_data\BGC0001844,NRPS,holrhizin,816.4997,6,6,6
MIBiG_data\BGC0001845,NRPS+PKS,alpiniamide,343.199488,1,1,2
MIBiG_data\BGC0001846,NRPS,valinomycin,1110.63116,2,3,4
MIBiG_data\BGC0001853,NRPS+PKS,largimiycin 38,,4,2,3
MIBiG_data\BGC0001857,NRPS+PKS,burnettramic acid A,769.4976267120003,1,1,1
MIBiG_data\BGC0001869,NRPS,griseoluteic acid,,2,0,1
MIBiG_data\BGC0001873,NRPS,pyrrolizixenamide A,236.15247788,2,2,2
MIBiG_data\BGC0001874,NRPS+PKS,cyclopiazonic acid,336.384,1,1,2
MIBiG_data\BGC0001876,NRPS,thalassospiramide A,,5,5,8
MIBiG_data\BGC0001878,NRPS+PKS,detoxin N2,,3,2,4
MIBiG_data\BGC0001881,NRPS+PKS,pyrichalasin H,523.293388,1,1,1
MIBiG_data\BGC0001884,NRPS+PKS,aranazole A,,1,1,1
MIBiG_data\BGC0001885,NRPS+PKS,oxazolepoxidomycin A,,3,3,7
MIBiG_data\BGC0001890,NRPS,amphi-enterobactin 1,,3,1,2
MIBiG_data\BGC0001902,NRPS+PKS,bengamide,358.210387,1,1,4
MIBiG_data\BGC0001918,NRPS+PKS,JBIR-06,,2,3,5
MIBiG_data\BGC0001919,NRPS+PKS,neoantimycin,698.305075,2,4,6
MIBiG_data\BGC0001941,NRPS+PKS,fulvuthiacene A,,2,2,2
MIBiG_data\BGC0001942,NRPS+PKS,malonomycin,374.107378,5,5,6
MIBiG_data\BGC0001945,NRPS,chloromyxamide,,4,3,3
MIBiG_data\BGC0001950,NRPS,puwainaphycin F,,9,9,10
MIBiG_data\BGC0001951,NRPS,puwainaphycin F,,9,9,10
MIBiG_data\BGC0001952,NRPS,minutissamide A,1187.655024,9,9,10
MIBiG_data\BGC0001953,NRPS,puwainaphycin F,1151.574187,8,9,10
MIBiG_data\BGC0001954,NRPS+PKS,wortmanamide A,,0,1,0
MIBiG_data\BGC0001955,NRPS,keratinimicin A,1810.514383,8,6,8
MIBiG_data\BGC0001963,NRPS+PKS,catenulisporolides,,8,3,7
MIBiG_data\BGC0001966,NRPS+PKS,BII-rafflesfungin,,9,9,9
MIBiG_data\BGC0001967,NRPS+PKS,acyldepsipeptide 1,,6,6,7
MIBiG_data\BGC0001968,NRPS,cadaside A,,13,13,13
MIBiG_data\BGC0001970,NRPS+PKS,malyngamide C acetate,497.254416,1,2,2
MIBiG_data\BGC0001971,NRPS+PKS,malyngamide I,483.275151,1,1,2
MIBiG_data\BGC0001975,NRPS,atratumycin,,10,11,12
MIBiG_data\BGC0001980,NRPS,lokisin,1353.800685,11,11,11
MIBiG_data\BGC0001984,NRPS,sarpeptin A,,12,13,14
MIBiG_data\BGC0001999,NRPS,gramibactin,,6,6,7
MIBiG_data\BGC0002001,NRPS+PKS,crochelin A,,5,5,7
MIBiG_data\BGC0002002,NRPS,"1,6-phenazinedimethanol",240.089878,2,0,1
MIBiG_data\BGC0002010,NRPS+PKS,streptophenazine B,,2,0,3
MIBiG_data\BGC0002014,NRPS+PKS,pepticinnamin E,907.355921,5,5,7
MIBiG_data\BGC0002017,NRPS,potensibactin,,3,3,3
MIBiG_data\BGC0002020,NRPS,photolose,,1,0,0
MIBiG_data\BGC0002025,NRPS+PKS,thaxteramide C,,5,5,6
MIBiG_data\BGC0002026,NRPS+PKS,thaxteramide A1,,6,7,6
MIBiG_data\BGC0002035,NRPS+PKS,ilicicolin H,433.225308,1,1,1
MIBiG_data\BGC0002037,NRPS,azetidomonamide A,,2,3,3
MIBiG_data\BGC0002042,NRPS,anthelvencin A,427.208,1,2,1
MIBiG_data\BGC0002044,NRPS,empedopeptin,,8,8,8
MIBiG_data\BGC0002046,NRPS+PKS,lobatamide A,,2,1,5
MIBiG_data\BGC0002048,NRPS,endopyrrole B,856.4331,9,8,9
MIBiG_data\BGC0002050,NRPS+PKS,necroxime A,672.3007,3,2,9
MIBiG_data\BGC0002051,NRPS,antipain,,3,3,4
MIBiG_data\BGC0002054,NRPS+PKS,amipurimycin,496,2,0,4
MIBiG_data\BGC0002055,NRPS+PKS,mycalamide A,503.273047,2,2,11
MIBiG_data\BGC0002056,NRPS+PKS,peloruside A,548.319662,1,1,5
MIBiG_data\BGC0002058,NRPS+PKS,mutanocyclin,,1,1,2
MIBiG_data\BGC0002059,NRPS+PKS,spliceostatin L,535.3145,1,2,9
MIBiG_data\BGC0002061,NRPS+PKS,nostopeptolide A1,,9,9,10
MIBiG_data\BGC0002066,NRPS+PKS,harzianopyridone,,1,1,1
MIBiG_data\BGC0002067,NRPS+PKS,atpenin B,,1,1,1
MIBiG_data\BGC0002068,NRPS+PKS,labrenzin,512,2,2,6
MIBiG_data\BGC0002071,NRPS,virginiafactin A,1067.7206,8,8,8
MIBiG_data\BGC0002073,NRPS,dehydroxynocardamine,,0,0,0
MIBiG_data\BGC0002075,NRPS,pyreudione A,266.1751,1,1,1
MIBiG_data\BGC0002078,NRPS,omnipeptin,1420.545,12,12,12
MIBiG_data\BGC0002079,NRPS,omnipeptin,1420.545,12,12,11
MIBiG_data\BGC0002082,NRPS+PKS,sesbanimide C,,1,1,6
MIBiG_data\BGC0002087,NRPS+PKS,gladiostatin A,505.2676,0,0,5
MIBiG_data\BGC0002089,NRPS,thaxtomin D,,2,2,2
MIBiG_data\BGC0002090,NRPS+PKS,undecylprodigiosin,,1,0,3
MIBiG_data\BGC0002091,NRPS,holomycin,,1,1,1
MIBiG_data\BGC0002092,NRPS,stechlisin B2,1381.8187,11,11,11
MIBiG_data\BGC0002093,NRPS+PKS,ilicicolin H,,1,1,1
MIBiG_data\BGC0002095,NRPS,leupeptin Pr,,4,3,4
MIBiG_data\BGC0002097,NRPS+PKS,kosinostatin,,1,0,1
MIBiG_data\BGC0002100,NRPS,colibrimycin,569.17,4,3,4
MIBiG_data\BGC0002104,NRPS+PKS,eurocidin D,,1,0,1
MIBiG_data\BGC0002107,NRPS+PKS,fabrubactin A,,6,7,9
MIBiG_data\BGC0002108,NRPS,cinnapeptin,,10,10,12
MIBiG_data\BGC0002109,NRPS,kitacinnamycin A,,10,9,11
MIBiG_data\BGC0002114,NRPS+PKS,sandarazol A,575.34,4,3,7
MIBiG_data\BGC0002117,NRPS,potashchelin A,,9,10,10
MIBiG_data\BGC0002118,NRPS+PKS,palmerolide A,,1,1,3
MIBiG_data\BGC0002119,NRPS+PKS,palmerolide D,,1,1,3
MIBiG_data\BGC0002122,NRPS,gramicidin S,,5,4,5
MIBiG_data\BGC0002123,NRPS+PKS,pseudovibriamide A1,844.3389,9,7,9
MIBiG_data\BGC0002125,NRPS,FR900359,,8,8,8
MIBiG_data\BGC0002126,NRPS,hypeptin,,8,8,8
MIBiG_data\BGC0002131,NRPS+PKS,aurantoside A,,1,1,1
MIBiG_data\BGC0002135,NRPS,bovienimide A,569.8115,3,4,4
MIBiG_data\BGC0002146,NRPS,FR901483,,1,0,1
MIBiG_data\BGC0002147,NRPS,bohemamine A,,2,2,2
MIBiG_data\BGC0002149,NRPS,"14-(N,N-dimethylleucyloxy)paspalinine",591.34,1,1,1
MIBiG_data\BGC0002157,NRPS,(-)-ditryptophenaline,,2,2,2
MIBiG_data\BGC0002158,NRPS+PKS,tenuazonic acid,,1,1,1
MIBiG_data\BGC0002160,NRPS,aspergillicin A,,6,6,6
MIBiG_data\BGC0002164,NRPS,peramine,,2,1,2
MIBiG_data\BGC0002166,NRPS,peramine,,2,1,2
MIBiG_data\BGC0002167,NRPS,actinopolymorphol C,,1,0,1
MIBiG_data\BGC0002169,NRPS+PKS,acurin A,,1,1,1
MIBiG_data\BGC0002171,NRPS+PKS,pyrophen,,1,0,1
MIBiG_data\BGC0002172,NRPS,fusatrixin,,9,7,7
MIBiG_data\BGC0002174,NRPS,ε-Poly-L-lysine,,1,0,1
MIBiG_data\BGC0002178,NRPS,gramillin A,,5,4,5
MIBiG_data\BGC0002186,NRPS+PKS,fusaristatin A,,3,4,3
MIBiG_data\BGC0002188,NRPS+PKS,W493 B,,7,7,7
MIBiG_data\BGC0002197,NRPS+PKS,terrestric acid,,1,1,1
MIBiG_data\BGC0002198,NRPS,nanangelenin B,,2,2,3
MIBiG_data\BGC0002203,NRPS+PKS,beauveriolide B,,4,5,4
MIBiG_data\BGC0002204,NRPS+PKS,flavichalasine F,,1,1,1
MIBiG_data\BGC0002205,NRPS+PKS,phomacin D,,1,1,1
MIBiG_data\BGC0002208,NRPS,oxepinamide F,,3,3,3
MIBiG_data\BGC0002210,NRPS+PKS,pyranoviolin A,,1,1,1
MIBiG_data\BGC0002226,NRPS,acu-dioxomorpholine B,,2,2,1
MIBiG_data\BGC0002227,NRPS,AKML B,,0,0,0
MIBiG_data\BGC0002228,NRPS,CIML B,,0,0,0
MIBiG_data\BGC0002230,NRPS+PKS,tolypyridone C,,1,1,1
MIBiG_data\BGC0002235,NRPS+PKS,ACE1,,2,2,2
MIBiG_data\BGC0002239,NRPS+PKS,GKK1032 A2,,1,1,1
MIBiG_data\BGC0002242,NRPS,oxepinamide D,,3,3,3
MIBiG_data\BGC0002248,NRPS,flavunoidine,,1,1,1
MIBiG_data\BGC0002250,NRPS+PKS,triticone D,,1,1,1
MIBiG_data\BGC0002256,NRPS,fusarochromanone,,2,0,0
MIBiG_data\BGC0002259,NRPS+PKS,beauveriolide I,,4,4,4
MIBiG_data\BGC0002264,NRPS,hancockiamide E,,2,1,2
MIBiG_data\BGC0002268,NRPS+PKS,"CJ-16,173",,1,1,1
MIBiG_data\BGC0002270,NRPS+PKS,swainsonine,,1,0,1
MIBiG_data\BGC0002271,NRPS,asterriquinone CT5,,1,0,1
MIBiG_data\BGC0002272,NRPS,asterrelenin,,2,1,2
MIBiG_data\BGC0002273,NRPS,butyrolactone III,,2,1,1
MIBiG_data\BGC0002274,NRPS,aspulvinone H,,1,0,1
MIBiG_data\BGC0002275,NRPS+PKS,pyrophen,,1,0,1
MIBiG_data\BGC0002276,NRPS,choline,,1,0,1
MIBiG_data\BGC0002277,NRPS,atromentin,,1,0,1
MIBiG_data\BGC0002278,NRPS,brasiliamide I,,1,0,1
MIBiG_data\BGC0002286,NRPS,ririwpeptide A,,5,4,5
MIBiG_data\BGC0002287,NRPS,mutanocyclin,,1,1,2
MIBiG_data\BGC0002288,NRPS,B,,5,3,4
MIBiG_data\BGC0002293,NRPS,ohmyungsamycin A,,12,11,12
MIBiG_data\BGC0002295,NRPS,minimycin,,1,0,1
MIBiG_data\BGC0002296,NRPS+PKS,vatiamide A,,4,4,6
MIBiG_data\BGC0002297,NRPS+PKS,MC-LR,,7,6,8
MIBiG_data\BGC0002300,NRPS,albomycin delta2,,1,2,3
MIBiG_data\BGC0002304,NRPS+PKS,varicidin A,,1,1,1
MIBiG_data\BGC0002314,NRPS,corbomycin,,10,9,9
MIBiG_data\BGC0002324,NRPS+PKS,myxochelin B,,2,1,2
MIBiG_data\BGC0002326,NRPS,endopyrrole B,,9,8,9
MIBiG_data\BGC0002327,NRPS,bolagladin A,,6,4,5
MIBiG_data\BGC0002329,NRPS,trinickiabactin,,6,6,7
MIBiG_data\BGC0002336,NRPS,gladiochelin A1,,6,4,5
MIBiG_data\BGC0002340,NRPS,pyrroloformamide A,,1,2,1
MIBiG_data\BGC0002342,NRPS+PKS,myxofacycline C,,1,1,0
MIBiG_data\BGC0002344,NRPS,A50926 A,,7,6,7
MIBiG_data\BGC0002348,NRPS,aspulvinone E,,1,0,1
MIBiG_data\BGC0002350,NRPS+PKS,bleomycin A2,,12,14,16
MIBiG_data\BGC0002351,NRPS,thanafactin A,,8,8,8
MIBiG_data\BGC0002359,NRPS,dudomycin A,,1,1,1
MIBiG_data\BGC0002360,NRPS,depsibosamycin B,,9,8,9
MIBiG_data\BGC0002367,NRPS,rotihibin A,,5,5,6
MIBiG_data\BGC0002370,NRPS,zelkovamycin B,,9,7,9
MIBiG_data\BGC0002373,NRPS,bonnevillamide D,,9,8,10
MIBiG_data\BGC0002377,NRPS,WS9326B,,8,7,12
MIBiG_data\BGC0002378,NRPS,coprisamide C,,6,6,8
MIBiG_data\BGC0002379,NRPS,MA026,,15,14,14
MIBiG_data\BGC0002384,NRPS,lysocin E,,12,12,12
MIBiG_data\BGC0002386,NRPS+PKS,cyclo(n-Me-L-Leu-L-Val),,2,2,2
MIBiG_data\BGC0002408,NRPS,malleobactin X,,4,4,5
MIBiG_data\BGC0002409,NRPS,frankobactin A1,,6,5,5
MIBiG_data\BGC0002410,NRPS,frankobactin A1,,2,1,2
MIBiG_data\BGC0002411,NRPS+PKS,cyanochelin A,,6,8,6
MIBiG_data\BGC0002412,NRPS,holomycin,,1,1,1
MIBiG_data\BGC0002413,NRPS,frederiksenibactin,,3,2,3
MIBiG_data\BGC0002414,NRPS,trichrysobactin,,3,2,3
MIBiG_data\BGC0002415,NRPS,vanchrobactin,,2,2,2
MIBiG_data\BGC0002416,NRPS+PKS,variobactin A,,6,7,8
MIBiG_data\BGC0002417,NRPS+PKS,variochelin A,,5,5,7
MIBiG_data\BGC0002418,NRPS+PKS,pacifibactin,,8,8,8
MIBiG_data\BGC0002419,NRPS+PKS,acidobactin A,,5,5,7
MIBiG_data\BGC0002420,NRPS+PKS,vacidobactin A,,5,5,7
MIBiG_data\BGC0002421,NRPS,malleobactin LB400,,4,4,5
MIBiG_data\BGC0002422,NRPS,histicorrugatin,,8,10,8
MIBiG_data\BGC0002424,NRPS,saccharochelin A,,4,5,4
MIBiG_data\BGC0002426,NRPS,deschlorosvetamycin A,,0,0,1
MIBiG_data\BGC0002430,NRPS,gausemycin A,,15,15,16
MIBiG_data\BGC0002432,NRPS,laterocidine,,13,13,13
MIBiG_data\BGC0002433,NRPS,azotobactin D,,13,13,14
MIBiG_data\BGC0002434,NRPS+PKS,clifednamide D,,1,1,1
MIBiG_data\BGC0002437,NRPS,thermoactinoamide A,,3,3,3
MIBiG_data\BGC0002440,NRPS,longicatenamide B,,6,6,6
MIBiG_data\BGC0002441,NRPS+PKS,o-dialkylbenzene 1,,1,0,4
MIBiG_data\BGC0002448,NRPS,Q6402A,,6,6,6
MIBiG_data\BGC0002456,NRPS+PKS,alchivemycin A,,1,1,1
MIBiG_data\BGC0002457,NRPS,alazopeptin,,1,0,1
MIBiG_data\BGC0002458,NRPS,alazopeptin,,0,0,0
MIBiG_data\BGC0002465,NRPS,amphibactin E,,4,4,4
MIBiG_data\BGC0002466,NRPS,peucechelin,,4,5,4
MIBiG_data\BGC0002467,NRPS,thermochelin,,5,5,4
MIBiG_data\BGC0002468,NRPS,anguibactin,,1,4,2
MIBiG_data\BGC0002472,NRPS,ulbactin F,,4,3,4
MIBiG_data\BGC0002473,NRPS,propanochelin,,1,1,1
MIBiG_data\BGC0002474,NRPS,agrobactin,,1,1,1
MIBiG_data\BGC0002475,NRPS,enantio-pyochelin,,3,2,3
MIBiG_data\BGC0002476,NRPS,enterobactin,,1,0,1
MIBiG_data\BGC0002479,NRPS+PKS,miharamycin B,,1,0,3
MIBiG_data\BGC0002480,NRPS+PKS,chlorosphaerolactylate D,,0,1,1
MIBiG_data\BGC0002484,NRPS+PKS,scytocyclamide A,,21,20,22
MIBiG_data\BGC0002491,NRPS,myxochelin B,,2,1,2
MIBiG_data\BGC0002492,NRPS,myxochelin B,,2,1,2
MIBiG_data\BGC0002493,NRPS,parabactin,,1,1,0
MIBiG_data\BGC0002494,NRPS,vibriobactin,,1,1,1
MIBiG_data\BGC0002495,NRPS,photobactin,,2,3,2
MIBiG_data\BGC0002496,NRPS,serratiochelin A,,0,0,0
MIBiG_data\BGC0002499,NRPS+PKS,enteromycin,,0,0,2
MIBiG_data\BGC0002503,NRPS+PKS,chitinimide B,,10,8,10
MIBiG_data\BGC0002505,NRPS+PKS,xenoacremone A,,1,1,1
MIBiG_data\BGC0002509,NRPS,montamide A,,1,1,1
MIBiG_data\BGC0002512,NRPS,anabaenopeptin 788,,6,5,6
MIBiG_data\BGC0002518,NRPS,syringafactin A,,3,3,3
MIBiG_data\BGC0002521,NRPS,putisolvin III,,12,12,12
MIBiG_data\BGC0002522,NRPS,viscosinamide A,,9,9,9
MIBiG_data\BGC0002523,NRPS,desertomycin B,,1,0,0
MIBiG_data\BGC0002524,NRPS,bacicyclicin XIN-1,,0,0,0
MIBiG_data\BGC0002528,NRPS,aminochelin,,2,2,2
MIBiG_data\BGC0002529,NRPS,aminochelin,,2,2,2
MIBiG_data\BGC0002530,NRPS,brucebactin,,0,0,0
MIBiG_data\BGC0002531,NRPS,cepaciachelin,,0,0,0
MIBiG_data\BGC0002532,NRPS+PKS,anachelin,,6,5,9
MIBiG_data\BGC0002533,NRPS+PKS,piscibactin,,3,4,6
MIBiG_data\BGC0002535,NRPS,"γ-poly-L-2,4-diaminobutyric acid",,1,0,1
MIBiG_data\BGC0002536,NRPS,alazopeptin,,1,0,1
MIBiG_data\BGC0002542,NRPS+PKS,apratoxin A,,1,1,2
MIBiG_data\BGC0002543,NRPS,acrophiarin,,7,7,7
MIBiG_data\BGC0002544,NRPS,amychelin A,,7,6,7
MIBiG_data\BGC0002546,NRPS+PKS,cytoglobosin X,,1,1,1
MIBiG_data\BGC0002548,NRPS,bananamide F,,8,8,8
MIBiG_data\BGC0002555,NRPS+PKS,emerimicin V,,15,16,17
MIBiG_data\BGC0002563,NRPS,gramibactin B,,7,6,7
MIBiG_data\BGC0002564,NRPS,megapolibactin Acyc,,7,7,7
MIBiG_data\BGC0002565,NRPS,plantaribactin,,8,8,9
MIBiG_data\BGC0002569,NRPS,ornibactin C8,,4,4,5
MIBiG_data\BGC0002570,NRPS+PKS,yersiniabactin,,2,3,3
MIBiG_data\BGC0002571,NRPS,pyoverdine DC3000,,0,0,0
MIBiG_data\BGC0002572,NRPS+PKS,heinamide A1,,21,21,22
MIBiG_data\BGC0002581,NRPS,bosamycin A,,9,8,9
MIBiG_data\BGC0002582,NRPS,guanipiperazine A,,1,0,1
MIBiG_data\BGC0002597,NRPS+PKS,nocuolactylates,,0,1,1
MIBiG_data\BGC0002605,NRPS+PKS,ochratoxin A,,2,1,1
MIBiG_data\BGC0002606,NRPS+PKS,ochratoxin A,,2,1,1
MIBiG_data\BGC0002607,NRPS+PKS,ochratoxin A,,2,1,1
MIBiG_data\BGC0002608,NRPS+PKS,ochratoxin A,,0,0,0
MIBiG_data\BGC0002609,NRPS+PKS,ochratoxin A,,0,0,0
MIBiG_data\BGC0002611,NRPS,mulundocandin,,7,7,7
MIBiG_data\BGC0002613,NRPS+PKS,piscibactin,,3,4,7
MIBiG_data\BGC0002614,NRPS+PKS,subglutinol A,,0,0,1
MIBiG_data\BGC0002617,NRPS,psychrophilin D,,3,3,3
MIBiG_data\BGC0002623,NRPS+PKS,microginin,,4,4,5
MIBiG_data\BGC0002624,NRPS+PKS,fischerazole A,,2,2,2
MIBiG_data\BGC0002625,NRPS+PKS,desmamide A,,10,10,10
MIBiG_data\BGC0002632,NRPS,varlaxin 1046A,,3,3,5
MIBiG_data\BGC0002634,NRPS+PKS,vicenistatin,,2,0,1
MIBiG_data\BGC0002637,NRPS,rimomycin A,,8,7,7
MIBiG_data\BGC0002638,NRPS,misaugamycin A,,9,7,8
MIBiG_data\BGC0002639,NRPS,phospho-tyrolose,,1,0,1
MIBiG_data\BGC0002641,NRPS,bacillothiazol A,,3,3,5
MIBiG_data\BGC0002649,NRPS+PKS,nocamycin V,,1,1,1
MIBiG_data\BGC0002653,NRPS,macolacin,,10,10,10
MIBiG_data\BGC0002654,NRPS,lapcin,,11,10,11
MIBiG_data\BGC0002657,NRPS+PKS,deoxyhangtaimycin,,0,0,0
MIBiG_data\BGC0002660,NRPS,pentacitidin A,,5,5,5
MIBiG_data\BGC0002661,NRPS,tasikamide A,,5,5,5
MIBiG_data\BGC0002662,NRPS,petrichorin A,,0,0,0
MIBiG_data\BGC0002666,NRPS,legonindolizidine A6,,2,2,3
MIBiG_data\BGC0002676,NRPS,skyllamycin D,,16,13,18
MIBiG_data\BGC0002678,NRPS,pyochelin,,3,2,3
MIBiG_data\BGC0002679,NRPS,chromobactin,,2,0,2
MIBiG_data\BGC0002680,NRPS,viobactin,,2,2,2
MIBiG_data\BGC0002685,NRPS,enterobactin,,2,1,2
MIBiG_data\BGC0002686,NRPS,madurastatin D1,,6,5,6
MIBiG_data\BGC0002687,NRPS+PKS,massiliachelin,,1,2,1
MIBiG_data\BGC0002688,NRPS,benarthin,,3,2,3
MIBiG_data\BGC0002689,NRPS,"2,3-dihydroxybenzoylserine",,2,1,2
MIBiG_data\BGC0002691,NRPS,amphibactin B,,4,4,4
MIBiG_data\BGC0002693,NRPS,pyoverdine SMX-1,,9,9,9
MIBiG_data\BGC0002695,NRPS,bacillibactin,,3,2,3
MIBiG_data\BGC0002696,NRPS,heterobactin B,,4,3,4
MIBiG_data\BGC0002697,NRPS+PKS,clipibicyclene,,2,3,2
MIBiG_data\BGC0002702,NRPS,GP6738,,10,8,9
MIBiG_data\BGC0002706,NRPS,saframycin Mx1,,3,3,3
MIBiG_data\BGC0002710,NRPS,metachelin C,,2,2,2
MIBiG_data\BGC0002713,NRPS,mevalagmapeptide A,,3,4,3
MIBiG_data\BGC0002715,NRPS+PKS,HTTPCA,,3,4,5
MIBiG_data\BGC0002716,NRPS,gamexpeptide A,,5,4,5
MIBiG_data\BGC0002718,NRPS,madurastatin A2,,6,5,6
MIBiG_data\BGC0002719,NRPS,thanafactin A,,8,8,8
MIBiG_data\BGC0002735,NRPS+PKS,incarnatapeptin A,,7,7,8
MIBiG_data\BGC0002749,NRPS+PKS,aspcandine,,1,0,1
BGC000xxxx,NRPS,fimsbactin,574.5,2,4,4
